Hotspot_index,Position_start,Position_stop,Clock_model,Poisson_mean,Negative_Binomial_Sucess,Negative_Binomial_Probability,Fixed_probability,AA,AT,AG,AC,TA,TT,TG,TC,GA,GT,GG,GC,CA,CT,CG,CC
1,1,1,Poisson,0.00005,NA,NA,NA,0.984375,0,0.015625,0,1,0,0,0,1,0,0,0,1,0,0,0
2,2,2,Poisson,0.00005,NA,NA,NA,0,0,0,1,0,0,0,1,0,0,0,1,0.03125,0,0,0.96875
3,3,3,Poisson,0.00005,NA,NA,NA,0,0,0,1,0,0,0,1,0,0,0,1,0,0.015625,0,0.984375
4,4,4,Poisson,0.00005,NA,NA,NA,0,0,1,0,0,0,1,0,0,0.015625,0.984375,0,0,0,1,0
5,5,5,Poisson,0.00005,NA,NA,NA,0,0,1,0,0,0,1,0,0.046875,0,0.953125,0,0,0,1,0
6,6,6,Poisson,0.00005,NA,NA,NA,0.984375,0,0.015625,0,1,0,0,0,1,0,0,0,1,0,0,0
7,7,7,Poisson,0.00005,NA,NA,NA,0.984375,0,0.015625,0,1,0,0,0,1,0,0,0,1,0,0,0
8,8,8,Poisson,0.00005,NA,NA,NA,0.984375,0,0.015625,0,1,0,0,0,1,0,0,0,1,0,0,0
9,9,9,Poisson,0.00005,NA,NA,NA,0,0,0,1,0,0,0,1,0,0,0,1,0,0,0.015625,0.984375
10,10,10,Poisson,0.00005,NA,NA,NA,0.984375,0,0.015625,0,1,0,0,0,1,0,0,0,1,0,0,0
11,11,11,Poisson,0.00005,NA,NA,NA,0.921875,0,0.078125,0,1,0,0,0,1,0,0,0,1,0,0,0
12,12,12,Poisson,0.00005,NA,NA,NA,0,1,0,0,0.046875,0.953125,0,0,0,1,0,0,0,1,0,0
13,13,13,Poisson,0.00005,NA,NA,NA,0.984375,0,0.015625,0,1,0,0,0,1,0,0,0,1,0,0,0
14,14,14,Poisson,0.00005,NA,NA,NA,0,0,0,1,0,0,0,1,0,0,0,1,0.015625,0,0,0.984375
15,15,15,Poisson,0.00005,NA,NA,NA,0,1,0,0,0.140625,0.859375,0,0,0,1,0,0,0,1,0,0
16,16,16,Poisson,0.00005,NA,NA,NA,0.984375,0.015625,0,0,1,0,0,0,1,0,0,0,1,0,0,0
17,17,17,Poisson,0.00005,NA,NA,NA,0,0,0,1,0,0,0,1,0,0,0,1,0,0.015625,0,0.984375
18,18,18,Poisson,0.00005,NA,NA,NA,0.984375,0,0.015625,0,1,0,0,0,1,0,0,0,1,0,0,0
19,19,19,Poisson,0.00005,NA,NA,NA,0,0,1,0,0,0,1,0,0.015625,0,0.984375,0,0,0,1,0
20,20,20,Poisson,0.00005,NA,NA,NA,0.96875,0,0.03125,0,1,0,0,0,1,0,0,0,1,0,0,0
21,21,21,Poisson,0.00005,NA,NA,NA,0,0,1,0,0,0,1,0,0.03125,0,0.96875,0,0,0,1,0
22,22,22,Poisson,0.00005,NA,NA,NA,0,1,0,0,0,0.984375,0,0.015625,0,1,0,0,0,1,0,0
23,23,23,Poisson,0.00005,NA,NA,NA,0,0,1,0,0,0,1,0,0.015625,0,0.984375,0,0,0,1,0
24,24,24,Poisson,0.00005,NA,NA,NA,0,0,0,1,0,0,0,1,0,0,0,1,0,0.15625,0,0.84375
25,25,25,Poisson,0.00005,NA,NA,NA,0,1,0,0,0,0.984375,0,0.015625,0,1,0,0,0,1,0,0
26,26,26,Poisson,0.00005,NA,NA,NA,0.984375,0,0.015625,0,1,0,0,0,1,0,0,0,1,0,0,0
27,27,27,Poisson,0.00005,NA,NA,NA,0.984375,0,0.015625,0,1,0,0,0,1,0,0,0,1,0,0,0
28,28,28,Poisson,0.00005,NA,NA,NA,0,0,1,0,0,0,1,0,0.390625,0,0.609375,0,0,0,1,0
29,29,29,Poisson,0.00005,NA,NA,NA,0,0,1,0,0,0,1,0,0,0,0.984375,0.015625,0,0,1,0
30,30,30,Poisson,0.00005,NA,NA,NA,0.015625,0,0,0.984375,1,0,0,0,1,0,0,0,1,0,0,0
31,31,31,Poisson,0.00005,NA,NA,NA,0,1,0,0,0,0.984375,0,0.015625,0,1,0,0,0,1,0,0
32,32,32,Poisson,0.00005,NA,NA,NA,0,1,0,0,0,0.984375,0,0.015625,0,1,0,0,0,1,0,0
33,33,33,Poisson,0.00005,NA,NA,NA,0.96875,0,0.03125,0,1,0,0,0,1,0,0,0,1,0,0,0
34,34,34,Poisson,0.00005,NA,NA,NA,0,1,0,0,0,0.015625,0,0.984375,0,1,0,0,0,1,0,0
35,35,35,Poisson,0.00005,NA,NA,NA,0.984375,0,0.015625,0,1,0,0,0,1,0,0,0,1,0,0,0
36,36,36,Poisson,0.00005,NA,NA,NA,0,0,0,1,0,0,0,1,0,0,0,1,0,0.015625,0,0.984375
37,37,37,Poisson,0.00005,NA,NA,NA,0.984375,0,0.015625,0,1,0,0,0,1,0,0,0,1,0,0,0
38,38,38,Poisson,0.00005,NA,NA,NA,0,1,0,0,0,0.984375,0,0.015625,0,1,0,0,0,1,0,0
39,39,39,Poisson,0.00005,NA,NA,NA,0.984375,0,0.015625,0,1,0,0,0,1,0,0,0,1,0,0,0
40,40,40,Poisson,0.00005,NA,NA,NA,0.984375,0,0.015625,0,1,0,0,0,1,0,0,0,1,0,0,0
41,41,41,Poisson,0.00005,NA,NA,NA,0,0,1,0,0,0,1,0,0.015625,0,0.984375,0,0,0,1,0
42,42,42,Poisson,0.00005,NA,NA,NA,0.9375,0,0.0625,0,1,0,0,0,1,0,0,0,1,0,0,0
43,43,43,Poisson,0.00005,NA,NA,NA,0.984375,0,0,0.015625,1,0,0,0,1,0,0,0,1,0,0,0
44,44,44,Poisson,0.00005,NA,NA,NA,0,1,0,0,0,0.984375,0,0.015625,0,1,0,0,0,1,0,0
45,45,45,Poisson,0.00005,NA,NA,NA,0,0,1,0,0,0,1,0,0.984375,0,0.015625,0,0,0,1,0
46,46,46,Poisson,0.00005,NA,NA,NA,0,1,0,0,0,0.984375,0,0.015625,0,1,0,0,0,1,0,0
47,47,47,Poisson,0.00005,NA,NA,NA,0,1,0,0,0,0.984375,0,0.015625,0,1,0,0,0,1,0,0
48,48,48,Poisson,0.00005,NA,NA,NA,0.984375,0,0,0.015625,1,0,0,0,1,0,0,0,1,0,0,0
49,49,49,Poisson,0.00005,NA,NA,NA,0.859375,0,0,0.140625,1,0,0,0,1,0,0,0,1,0,0,0
50,50,50,Poisson,0.00005,NA,NA,NA,0.984375,0,0.015625,0,1,0,0,0,1,0,0,0,1,0,0,0
51,51,51,Poisson,0.00005,NA,NA,NA,0.984375,0,0,0.015625,1,0,0,0,1,0,0,0,1,0,0,0
52,52,52,Poisson,0.00005,NA,NA,NA,0.984375,0,0.015625,0,1,0,0,0,1,0,0,0,1,0,0,0
53,53,53,Poisson,0.00005,NA,NA,NA,0,1,0,0,0,0.984375,0,0.015625,0,1,0,0,0,1,0,0
54,54,54,Poisson,0.00005,NA,NA,NA,0,1,0,0,0,0.984375,0,0.015625,0,1,0,0,0,1,0,0
55,55,55,Poisson,0.00005,NA,NA,NA,0,1,0,0,0,0.984375,0,0.015625,0,1,0,0,0,1,0,0
56,56,56,Poisson,0.00005,NA,NA,NA,0,1,0,0,0,0.984375,0,0.015625,0,1,0,0,0,1,0,0
57,57,57,Poisson,0.00005,NA,NA,NA,0.984375,0,0.015625,0,1,0,0,0,1,0,0,0,1,0,0,0
58,58,58,Poisson,0.00005,NA,NA,NA,0,0,1,0,0,0,1,0,0.015625,0,0.984375,0,0,0,1,0
59,59,59,Poisson,0.00005,NA,NA,NA,0,0,0,1,0,0,0,1,0,0,0,1,0,0.09375,0,0.90625
60,60,60,Poisson,0.00005,NA,NA,NA,0,1,0,0,0,0.984375,0,0.015625,0,1,0,0,0,1,0,0
61,61,61,Poisson,0.00005,NA,NA,NA,0,1,0,0,0,0.984375,0.015625,0,0,1,0,0,0,1,0,0
62,62,62,Poisson,0.00005,NA,NA,NA,0.984375,0.015625,0,0,1,0,0,0,1,0,0,0,1,0,0,0
